Workbook

Sheet LTV_Projection
A1: LTV PROJECTION & PAYBACK MODEL
A3: Select channel-app: | B3: tiktok_launchpad
A5: Cohort size: | B5: =INDEX(data_ltv!C:C, MATCH(B3, data_ltv!L:L, 0)) -> 7890
A6: CAC (true): | B6: =INDEX(data_ltv!D:D, MATCH(B3, data_ltv!L:L, 0)) -> 2.05
A8: Day | B8: Actual LTV | D8: Day | E8: Projected LTV
A9: 7 | B9: =INDEX(data_ltv!E:E, MATCH($B$3, data_ltv!L:L, 0)) -> 0.16 | D9: 7 | E9: =$B$18*D9^$B$17 -> 0.15930214
A10: 30 | B10: =INDEX(data_ltv!F:F, MATCH($B$3, data_ltv!L:L, 0)) -> 0.44 | D10: 30 | E10: =$B$18*D10^$B$17 -> 0.44381174
A11: 60 | B11: =INDEX(data_ltv!G:G, MATCH($B$3, data_ltv!L:L, 0)) -> 0.72 | D11: 60 | E11: =$B$18*D11^$B$17 -> 0.72300207
A12: 90 | B12: =INDEX(data_ltv!H:H, MATCH($B$3, data_ltv!L:L, 0)) -> 0.97 | D12: 90 | E12: =$B$18*D12^$B$17 -> 0.96187123
D13: 180 | E13: =$B$18*D13^$B$17 -> 1.5669592
D14: 365 | E14: =$B$18*D14^$B$17 -> 2.5776026
D15: 540 | E15: =$B$18*D15^$B$17 -> 3.3960637
A17: b (slope): | B17: {=SLOPE(LN(B9:B12), LN(A9:A12))} -> 0.70405194
A18: a (intercept): | B18: {=EXP(INTERCEPT(LN(B9:B12), LN(A9:A12)))} -> 0.040478901
A20: Payback day: | B20: =IF(B17>0, (B6/B18)^(1/B17), "N/A") -> 263.64643
A21: ROAS at D365: | B21: =E14/B6 -> 1.2573671
A22: ROAS at D540: | B22: =E15/B6 -> 1.6566164
A23: Verdict: | B23: =IF(ISNUMBER(B20), IF(B20<=90,"SCALE",IF(B20<=180,"TEST",IF(B20<=365,"HOLD","CUT"))), "CUT") -> HOLD

Sheet Payback_Matrix
A1: PAYBACK MATRIX — Projected Payback Day by Channel × App
A3: Channel ↓ / App → | B3: inboxzen | C3: launchpad | D3: pingme | E3: wallcraft
A4: applovin | B4: =INDEX(data_ltv!Q:Q, MATCH($A4&"_"&B$3, data_ltv!L:L, 0)) -> 171.97383 | C4: =INDEX(data_ltv!Q:Q, MATCH($A4&"_"&C$3, data_ltv!L:L, 0)) -> 705.89068 | D4: =INDEX(data_ltv!Q:Q, MATCH($A4&"_"&D$3, data_ltv!L:L, 0)) -> 664.73093 | E4: =INDEX(data_ltv!Q:Q,MATCH($A4&"_"&E$3,data_ltv!L:L,0)) -> 2244.4036
A5: google | B5: =INDEX(data_ltv!Q:Q, MATCH($A5&"_"&B$3, data_ltv!L:L, 0)) -> 228.72584 | C5: =INDEX(data_ltv!Q:Q, MATCH($A5&"_"&C$3, data_ltv!L:L, 0)) -> 329.61801 | D5: =INDEX(data_ltv!Q:Q, MATCH($A5&"_"&D$3, data_ltv!L:L, 0)) -> 867.69955 | E5: =INDEX(data_ltv!Q:Q,MATCH($A5&"_"&E$3,data_ltv!L:L,0)) -> 402.03674
A6: meta | B6: =INDEX(data_ltv!Q:Q, MATCH($A6&"_"&B$3, data_ltv!L:L, 0)) -> 220.01767 | C6: =INDEX(data_ltv!Q:Q, MATCH($A6&"_"&C$3, data_ltv!L:L, 0)) -> 377.28087 | D6: =INDEX(data_ltv!Q:Q, MATCH($A6&"_"&D$3, data_ltv!L:L, 0)) -> 1140.4607 | E6: =INDEX(data_ltv!Q:Q,MATCH($A6&"_"&E$3,data_ltv!L:L,0)) -> 449.90251
A7: tiktok | B7: =INDEX(data_ltv!Q:Q, MATCH($A7&"_"&B$3, data_ltv!L:L, 0)) -> 162.48764 | C7: =INDEX(data_ltv!Q:Q, MATCH($A7&"_"&C$3, data_ltv!L:L, 0)) -> 263.64643 | D7: =INDEX(data_ltv!Q:Q, MATCH($A7&"_"&D$3, data_ltv!L:L, 0)) -> 749.26973 | E7: =INDEX(data_ltv!Q:Q,MATCH($A7&"_"&E$3,data_ltv!L:L,0)) -> 451.72575
A10: VERDICT MATRIX
A11: Channel ↓ / App → | B11: inboxzen | C11: launchpad | D11: pingme | E11: wallcraft
A12: applovin | B12: =INDEX(data_ltv!R:R, MATCH($A12&"_"&B$11, data_ltv!L:L, 0)) -> TEST | C12: =INDEX(data_ltv!R:R, MATCH($A12&"_"&C$11, data_ltv!L:L, 0)) -> CUT | D12: =INDEX(data_ltv!R:R, MATCH($A12&"_"&D$11, data_ltv!L:L, 0)) -> CUT | E12: =INDEX(data_ltv!R:R, MATCH($A12&"_"&E$11, data_ltv!L:L, 0)) -> CUT
A13: google | B13: =INDEX(data_ltv!R:R, MATCH($A13&"_"&B$11, data_ltv!L:L, 0)) -> HOLD | C13: =INDEX(data_ltv!R:R, MATCH($A13&"_"&C$11, data_ltv!L:L, 0)) -> HOLD | D13: =INDEX(data_ltv!R:R, MATCH($A13&"_"&D$11, data_ltv!L:L, 0)) -> CUT | E13: =INDEX(data_ltv!R:R, MATCH($A13&"_"&E$11, data_ltv!L:L, 0)) -> CUT
A14: meta | B14: =INDEX(data_ltv!R:R, MATCH($A14&"_"&B$11, data_ltv!L:L, 0)) -> HOLD | C14: =INDEX(data_ltv!R:R, MATCH($A14&"_"&C$11, data_ltv!L:L, 0)) -> CUT | D14: =INDEX(data_ltv!R:R, MATCH($A14&"_"&D$11, data_ltv!L:L, 0)) -> CUT | E14: =INDEX(data_ltv!R:R, MATCH($A14&"_"&E$11, data_ltv!L:L, 0)) -> CUT
A15: tiktok | B15: =INDEX(data_ltv!R:R, MATCH($A15&"_"&B$11, data_ltv!L:L, 0)) -> TEST | C15: =INDEX(data_ltv!R:R, MATCH($A15&"_"&C$11, data_ltv!L:L, 0)) -> HOLD | D15: =INDEX(data_ltv!R:R, MATCH($A15&"_"&D$11, data_ltv!L:L, 0)) -> CUT | E15: =INDEX(data_ltv!R:R, MATCH($A15&"_"&E$11, data_ltv!L:L, 0)) -> CUT

Sheet Recommendations
A1: EXECUTIVE RECOMMENDATIONS
A3: Budget reallocation summary
A4: Current spend on CUT combos: | B4: =SUMIFS(data_ltv!S:S, data_ltv!R:R, "CUT") -> 187378.23
A5: Current spend on HOLD combos: | B5: =SUMIFS(data_ltv!S:S, data_ltv!R:R, "HOLD") -> 123201.7
A6: Current spend on TEST combos: | B6: =SUMIFS(data_ltv!S:S, data_ltv!R:R, "TEST") -> 19551.62
A7: Current spend on SCALE combos: | B7: =SUMIFS(data_ltv!S:S, data_ltv!R:R, "SCALE") -> 0
A8: Total UA spend (paid channels): | B8: =SUM(B4:B7) -> 330131.55
A9: % currently going to CUT decisions: | B9: =B4/B8 -> 0.56758656
A11: Top 3 actions:
A12: 1. Cut all PingMe paid acquisition immediately (~$49K/period across 4 channels, 15% of UA budget). All paid PingMe combos project >665-day payback. PingMe's $0.05 ARPDAU cannot support any meaningful CAC.It's best to keep organic only.
A13: 2. Reallocate Meta + Google launchpad + wallcraft spend (~$107K) to better performing channels. Meta_launchpad payback is 377 days (CUT) while tiktok_launchpad is 264 days (HOLD). same app, but better economics.
A14: 3. Cautiously TEST tiktok_inboxzen and applovin_inboxzen (~$19.5K combined) with a strict D180 ROAS >= 1.0 gate. These are the only combos projecting sub-180-day payback.It's good to monitor weekly.
A16: Reallocation Impact (if all CUT spend redirected to HOLD/TEST):
A17: Avg CAC on CUT combos: | B17: =SUMPRODUCT(data_ltv!D2:D17, data_ltv!C2:C17, (data_ltv!R2:R17="CUT")*1) / SUMPRODUCT(data_ltv!C2:C17, (data_ltv!R2:R17="CUT")*1) -> 2.8092243
A18: Avg CAC on HOLD combos: | B18: =SUMPRODUCT(data_ltv!D2:D17, data_ltv!C2:C17, (data_ltv!R2:R17="HOLD")*1) / SUMPRODUCT(data_ltv!C2:C17, (data_ltv!R2:R17="HOLD")*1) -> 2.9008723
A19: Implied incremental installs from reallocation: | B19: =B4/B18 - B4/B17 -> -2107.302
A20: (Negative = HOLD CAC higher than CUT CAC, but HOLD users pay back)

Sheet data_ltv
A1: channel | B1: app_id | C1: cohort_size | D1: cac | E1: ltv_d7 | F1: ltv_d30 | G1: ltv_d60 | H1: ltv_d90 | I1: roas_d90 | J1: payback_bucket | L1: combo_key | M1: b_slope | N1: a_intercept | O1: proj_ltv_d180 | P1: proj_ltv_d365 | Q1: payback_day | R1: verdict | S1: total_spend
A2: tiktok | B2: inboxzen | C2: 3479 | D2: 2.09 | E2: 0.12 | F2: 0.47 | G2: 0.86 | H2: 1.19 | I2: 0.57 | J2: unprofitable at D90 | L2: =A2&"_"&B2 -> tiktok_inboxzen | M2: {=SLOPE(LN(E2:H2),LN({7,30,60,90}))} -> 0.90339201 | N2: {=EXP(INTERCEPT(LN(E2:H2), LN({7,30,60,90})))} -> 0.02103337 | O2: =N2*180^M2 -> 2.2924719 | P2: =N2*365^M2 -> 4.3417395 | Q2: =IF(M2>0, (D2/N2)^(1/M2), 9999) -> 162.48764 | R2: =IF(Q2<=90,"SCALE",IF(Q2<=180,"TEST",IF(Q2<=365,"HOLD","CUT"))) -> TEST | S2: =SUMIFS(data_spend!C:C, data_spend!A:A, A2, data_spend!B:B, B2) -> 14609.21
A3: applovin | B3: inboxzen | C3: 1363 | D3: 1.8 | E3: 0.09 | F3: 0.38 | G3: 0.69 | H3: 0.94 | I3: 0.52 | J3: unprofitable at D90 | L3: =A3&"_"&B3 -> applovin_inboxzen | M3: {=SLOPE(LN(E3:H3), LN({7,30,60,90}))} -> 0.92652163 | N3: {=EXP(INTERCEPT(LN(E3:H3), LN({7,30,60,90})))} -> 0.015278062 | O3: =N3*180^M3 -> 1.8777036 | P3: =N3*365^M3 -> 3.6148313 | Q3: =IF(M3>0, (D3/N3)^(1/M3), 9999) -> 171.97383 | R3: =IF(Q3<=90,"SCALE",IF(Q3<=180,"TEST",IF(Q3<=365,"HOLD","CUT"))) -> TEST | S3: =SUMIFS(data_spend!C:C, data_spend!A:A, A3, data_spend!B:B, B3) -> 4942.41
A4: tiktok | B4: launchpad | C4: 7890 | D4: 2.05 | E4: 0.16 | F4: 0.44 | G4: 0.72 | H4: 0.97 | I4: 0.47 | J4: unprofitable at D90 | L4: =A4&"_"&B4 -> tiktok_launchpad | M4: {=SLOPE(LN(E4:H4), LN({7,30,60,90}))} -> 0.70405194 | N4: {=EXP(INTERCEPT(LN(E4:H4), LN({7,30,60,90})))} -> 0.040478901 | O4: =N4*180^M4 -> 1.5669592 | P4: =N4*365^M4 -> 2.5776026 | Q4: =IF(M4>0, (D4/N4)^(1/M4), 9999) -> 263.64643 | R4: =IF(Q4<=90,"SCALE",IF(Q4<=180,"TEST",IF(Q4<=365,"HOLD","CUT"))) -> HOLD | S4: =SUMIFS(data_spend!C:C, data_spend!A:A, A4, data_spend!B:B, B4) -> 32501.59
A5: meta | B5: inboxzen | C5: 4175 | D5: 3.2 | E5: 0.15 | F5: 0.57 | G5: 1.02 | H5: 1.42 | I5: 0.44 | J5: unprofitable at D90 | L5: =A5&"_"&B5 -> meta_inboxzen | M5: {=SLOPE(LN(E5:H5), LN({7,30,60,90}))} -> 0.88312322 | N5: {=EXP(INTERCEPT(LN(E5:H5), LN({7,30,60,90})))} -> 0.02731941 | O5: =N5*180^M5 -> 2.6801236 | P5: =N5*365^M5 -> 5.0037043 | Q5: =IF(M5>0, (D5/N5)^(1/M5), 9999) -> 220.01767 | R5: =IF(Q5<=90,"SCALE",IF(Q5<=180,"TEST",IF(Q5<=365,"HOLD","CUT"))) -> HOLD | S5: =SUMIFS(data_spend!C:C, data_spend!A:A, A5, data_spend!B:B, B5) -> 26861.89
A6: google | B6: inboxzen | C6: 2778 | D6: 3.53 | E6: 0.16 | F6: 0.61 | G6: 1.09 | H6: 1.51 | I6: 0.43 | J6: unprofitable at D90 | L6: =A6&"_"&B6 -> google_inboxzen | M6: {=SLOPE(LN(E6:H6), LN({7,30,60,90}))} -> 0.88251739 | N6: {=EXP(INTERCEPT(LN(E6:H6), LN({7,30,60,90})))} -> 0.02921716 | O6: =N6*180^M6 -> 2.8572957 | P6: =N6*365^M6 -> 5.3321947 | Q6: =IF(M6>0, (D6/N6)^(1/M6), 9999) -> 228.72584 | R6: =IF(Q6<=90,"SCALE",IF(Q6<=180,"TEST",IF(Q6<=365,"HOLD","CUT"))) -> HOLD | S6: =SUMIFS(data_spend!C:C, data_spend!A:A, A6, data_spend!B:B, B6) -> 19690.48
A7: google | B7: launchpad | C7: 6309 | D7: 3.49 | E7: 0.23 | F7: 0.63 | G7: 1.04 | H7: 1.41 | I7: 0.4 | J7: unprofitable at D90 | L7: =A7&"_"&B7 -> google_launchpad | M7: {=SLOPE(LN(E7:H7), LN({7,30,60,90}))} -> 0.70791037 | N7: {=EXP(INTERCEPT(LN(E7:H7), LN({7,30,60,90})))} -> 0.057583673 | O7: =N7*180^M7 -> 2.2742079 | P7: =N7*365^M7 -> 3.7512245 | Q7: =IF(M7>0, (D7/N7)^(1/M7), 9999) -> 329.61801 | R7: =IF(Q7<=90,"SCALE",IF(Q7<=180,"TEST",IF(Q7<=365,"HOLD","CUT"))) -> HOLD | S7: =SUMIFS(data_spend!C:C, data_spend!A:A, A7, data_spend!B:B, B7) -> 44147.74
A8: tiktok | B8: wallcraft | C8: 3479 | D8: 2.12 | E8: 0.18 | F8: 0.42 | G8: 0.64 | H8: 0.82 | I8: 0.39 | J8: unprofitable at D90 | L8: =A8&"_"&B8 -> tiktok_wallcraft | M8: {=SLOPE(LN(E8:H8), LN({7,30,60,90}))} -> 0.59296719 | N8: {=EXP(INTERCEPT(LN(E8:H8), LN({7,30,60,90})))} -> 0.056504389 | O8: =N8*180^M8 -> 1.2285272 | P8: =N8*365^M8 -> 1.868262 | Q8: =IF(M8>0, (D8/N8)^(1/M8), 9999) -> 451.72575 | R8: =IF(Q8<=90,"SCALE",IF(Q8<=180,"TEST",IF(Q8<=365,"HOLD","CUT"))) -> CUT | S8: =SUMIFS(data_spend!C:C, data_spend!A:A, A8, data_spend!B:B, B8) -> 14840.62
A9: google | B9: wallcraft | C9: 2778 | D9: 3.51 | E9: 0.27 | F9: 0.66 | G9: 1.04 | H9: 1.38 | I9: 0.39 | J9: unprofitable at D90 | L9: =A9&"_"&B9 -> google_wallcraft | M9: {=SLOPE(LN(E9:H9), LN({7,30,60,90}))} -> 0.6357456 | N9: {=EXP(INTERCEPT(LN(E9:H9), LN({7,30,60,90})))} -> 0.077563362 | O9: =N9*180^M9 -> 2.1058925 | P9: =N9*365^M9 -> 3.3008292 | Q9: =IF(M9>0, (D9/N9)^(1/M9), 9999) -> 402.03674 | R9: =IF(Q9<=90,"SCALE",IF(Q9<=180,"TEST",IF(Q9<=365,"HOLD","CUT"))) -> CUT | S9: =SUMIFS(data_spend!C:C, data_spend!A:A, A9, data_spend!B:B, B9) -> 19590.28
A10: meta | B10: launchpad | C10: 9471 | D10: 3.16 | E10: 0.2 | F10: 0.54 | G10: 0.88 | H10: 1.18 | I10: 0.37 | J10: unprofitable at D90 | L10: =A10&"_"&B10 -> meta_launchpad | M10: {=SLOPE(LN(E10:H10), LN({7,30,60,90}))} -> 0.69353903 | N10: {=EXP(INTERCEPT(LN(E10:H10), LN({7,30,60,90})))} -> 0.051602352 | O10: =N10*180^M10 -> 1.8914244 | P10: =N10*365^M10 -> 3.0883008 | Q10: =IF(M10>0, (D10/N10)^(1/M10), 9999) -> 377.28087 | R10: =IF(Q10<=90,"SCALE",IF(Q10<=180,"TEST",IF(Q10<=365,"HOLD","CUT"))) -> CUT | S10: =SUMIFS(data_spend!C:C, data_spend!A:A, A10, data_spend!B:B, B10) -> 60167.87
A11: meta | B11: wallcraft | C11: 4175 | D11: 3.24 | E11: 0.24 | F11: 0.58 | G11: 0.91 | H11: 1.2 | I11: 0.37 | J11: unprofitable at D90 | L11: =A11&"_"&B11 -> meta_wallcraft | M11: {=SLOPE(LN(E11:H11), LN({7,30,60,90}))} -> 0.62755719 | N11: {=EXP(INTERCEPT(LN(E11:H11), LN({7,30,60,90})))} -> 0.070074739 | O11: =N11*180^M11 -> 1.8233664 | P11: =N11*365^M11 -> 2.8414943 | Q11: =IF(M11>0, (D11/N11)^(1/M11), 9999) -> 449.90251 | R11: =IF(Q11<=90,"SCALE",IF(Q11<=180,"TEST",IF(Q11<=365,"HOLD","CUT"))) -> CUT | S11: =SUMIFS(data_spend!C:C, data_spend!A:A, A11, data_spend!B:B, B11) -> 27146.11
A12: applovin | B12: launchpad | C12: 3134 | D12: 1.82 | E12: 0.12 | F12: 0.27 | G12: 0.42 | H12: 0.55 | I12: 0.3 | J12: unprofitable at D90 | L12: =A12&"_"&B12 -> applovin_launchpad | M12: {=SLOPE(LN(E12:H12), LN({7,30,60,90}))} -> 0.59287058 | N12: {=EXP(INTERCEPT(LN(E12:H12), LN({7,30,60,90})))} -> 0.03725107 | O12: =N12*180^M12 -> 0.80951235 | P12: =N12*365^M12 -> 1.2309682 | Q12: =IF(M12>0, (D12/N12)^(1/M12), 9999) -> 705.89068 | R12: =IF(Q12<=90,"SCALE",IF(Q12<=180,"TEST",IF(Q12<=365,"HOLD","CUT"))) -> CUT | S12: =SUMIFS(data_spend!C:C, data_spend!A:A, A12, data_spend!B:B, B12) -> 11464.01
A13: applovin | B13: wallcraft | C13: 1363 | D13: 1.81 | E13: 0.12 | F13: 0.23 | G13: 0.33 | H13: 0.4 | I13: 0.22 | J13: unprofitable at D90 | L13: =A13&"_"&B13 -> applovin_wallcraft | M13: {=SLOPE(LN(E13:H13), LN({7,30,60,90}))} -> 0.47201769 | N13: {=EXP(INTERCEPT(LN(E13:H13), LN({7,30,60,90})))} -> 0.04741324 | O13: =N13*180^M13 -> 0.55008291 | P13: =N13*365^M13 -> 0.7679752 | Q13: =IF(M13>0, (D13/N13)^(1/M13), 9999) -> 2244.4036 | R13: =IF(Q13<=90,"SCALE",IF(Q13<=180,"TEST",IF(Q13<=365,"HOLD","CUT"))) -> CUT | S13: =SUMIFS(data_spend!C:C, data_spend!A:A, A13, data_spend!B:B, B13) -> 4975.96
A14: tiktok | B14: pingme | C14: 2597 | D14: 2.03 | E14: 0.07 | F14: 0.2 | G14: 0.33 | H14: 0.44 | I14: 0.22 | J14: unprofitable at D90 | L14: =A14&"_"&B14 -> tiktok_pingme | M14: {=SLOPE(LN(E14:H14), LN({7,30,60,90}))} -> 0.72041384 | N14: {=EXP(INTERCEPT(LN(E14:H14), LN({7,30,60,90})))} -> 0.017241177 | O14: =N14*180^M14 -> 0.72660173 | P14: =N14*365^M14 -> 1.2091443 | Q14: =IF(M14>0, (D14/N14)^(1/M14), 9999) -> 749.26973 | R14: =IF(Q14<=90,"SCALE",IF(Q14<=180,"TEST",IF(Q14<=365,"HOLD","CUT"))) -> CUT | S14: =SUMIFS(data_spend!C:C, data_spend!A:A, A14, data_spend!B:B, B14) -> 10621.53
... A17: meta | B17: pingme | C17: 3117 | D17: 3.25 | E17: 0.1 | F17: 0.26 | G17: 0.43 | H17: 0.58 | I17: 0.18 | J17: unprofitable at D90 | L17: =A17&"_"&B17 -> meta_pingme | M17: {=SLOPE(LN(E17:H17), LN({7,30,60,90}))} -> 0.68608095 | N17: {=EXP(INTERCEPT(LN(E17:H17), LN({7,30,60,90})))} -> 0.025970408 | O17: =N17*180^M17 -> 0.91575286 | P17: =N17*365^M17 -> 1.4873703 | Q17: =IF(M17>0, (D17/N17)^(1/M17), 9999) -> 1140.4607 | R17: =IF(Q17<=90,"SCALE",IF(Q17<=180,"TEST",IF(Q17<=365,"HOLD","CUT"))) -> CUT | S17: =SUMIFS(data_spend!C:C, data_spend!A:A, A17, data_spend!B:B, B17) -> 20318.14

Sheet data_spend
A1: channel | B1: app_id | C1: total_spend | D1: true_installs | E1: cac_true
A2: applovin | B2: inboxzen | C2: 4942.41 | D2: 2742 | E2: 1.8
A3: applovin | B3: launchpad | C3: 11464.01 | D3: 6285 | E3: 1.82
A4: applovin | B4: pingme | C4: 3632.38 | D4: 2032 | E4: 1.79
A5: applovin | B5: wallcraft | C5: 4975.96 | D5: 2742 | E5: 1.81
A6: google | B6: inboxzen | C6: 19690.48 | D6: 5578 | E6: 3.53
A7: google | B7: launchpad | C7: 44147.74 | D7: 12661 | E7: 3.49
A8: google | B8: pingme | C8: 14621.33 | D8: 4158 | E8: 3.52
A9: google | B9: wallcraft | C9: 19590.28 | D9: 5578 | E9: 3.51
A10: meta | B10: inboxzen | C10: 26861.89 | D10: 8388 | E10: 3.2
A11: meta | B11: launchpad | C11: 60167.87 | D11: 19019 | E11: 3.16
A12: meta | B12: pingme | C12: 20318.14 | D12: 6261 | E12: 3.25
A13: meta | B13: wallcraft | C13: 27146.11 | D13: 8388 | E13: 3.24
... A17: tiktok | B17: wallcraft | C17: 14840.62 | D17: 6987 | E17: 2.12

Sheet data_arpdau
A1: app_id | B1: total_dau_days | C1: arpdau_banner | D1: arpdau_interstitial | E1: arpdau_rewarded | F1: arpdau_subscription | G1: arpdau_total
A2: inboxzen | B2: 305540 | C2: 0.0142 | D2: 0.0211 | E2: 0.0107 | F2: 0.0765 | G2: 0.1224
A3: launchpad | B3: 694409 | C3: 0.0255 | D3: 0.0378 | E3: 0.0191 | F3: 0.0271 | G3: 0.1096
A4: wallcraft | B4: 304868 | C4: 0.0312 | D4: 0.0462 | E4: 0.0234 | F4: 0.0082 | G4: 0.109
A5: pingme | B5: 228288 | C5: 0.0113 | D5: 0.0168 | E5: 0.0085 | F5: 0.0162 | G5: 0.0529
